{
  "1": [
    {
      "term": "course^course-Appetizers",
      "type": "attribute",
      "viz_data": {
        "parmesan cheese": 9.2621937416,
        "bell pepper": 6.9122538179,
        "dijon mustard": 3.1779476553,
        "cheese": 2.3786720532,
        "cream cheese, soften": 2.5519355007,
        "carrots": 2.9750814077,
        "bacon": 6.8330227942,
        "chives": 3.5384052797,
        "parsley": 2.6198478068,
        "honey": 4.2662858934,		 	
        "soy sauce": 5.9841189684,
				"lime": 4.7599561182,
				"baguette": 3.4426315148,
				"cilantro": 13.1070750692,
				"lemon": 5.2928065196,
				"avocado": 7.6888919846,
				"artichokes": 3.257178679,
				"ground beef": 2.4074041827,
				"cayenne pepper": 7.581799502,
				"blue cheese": 2.4666097829,
				"crab": 2.7669911366,
				"mozzarella cheese": 4.4891775646,
				"mayonnaise": 12.3130234907,
				"fresh parsley": 4.209692305,
				"tomatoes": 5.551395685,
				"pepper": 35.5442561861,
				"chicken wings": 4.08431574,
				"chili powder": 3.5236038797,
				"dried chile": 4.1121771989,
				"cream cheese": 16.5636373135,
				"olives": 3.3459870792,
				"goat cheese": 3.002072196,
				"cucumber": 3.4478555383,
				"feta cheese": 2.7739565013,
				"jack cheese": 3.2258345378,
				"salsa": 2.7870165602,
				"ground pepper": 3.040381702,
				"worchestershire": 4.5283577411,
				"crackers": 2.3220784648,
				"bread": 2.4735751476,
				"cheddar cheese": 10.709248263,
				"jalapeno chilies": 9.6609608721,
				"fresh basil": 3.348599091,
				"tortilla chips": 3.4435021854,
				"cumin": 7.5809288314,
				"paprika": 4.8087136713,
				"sesame seeds": 2.3107597472,
				"bread crumbs": 4.0103087398,
				"hot sauce": 6.5413481463,
        "shrimp": 5.2518850018}}
      ]
}